Toppagina's,Aantal klikken,Vertoningen,CTR,Positie
https://www.ingoedendoen.nl/dossier/hartslag/hartslagreserve-capaciteit-train-slimmer-met-de-karvonen-methode-calculator/,379,6001,6.32%,3.71
https://www.ingoedendoen.nl/volwassen/wenkbrauwen-te-donker/,315,6891,4.57%,9.22
https://www.ingoedendoen.nl/dossier/hartslag/je-hartslagzone-berekenen-train-niet-harder-maar-slimmer/,63,4187,1.5%,10.7
https://www.ingoedendoen.nl/volwassen/eerste-symptomen-ouderdomssuiker/,46,3630,1.27%,10.65
https://www.ingoedendoen.nl/volwassen/trombosebeen-van-oorzaak-tot-gevolg/,43,61807,0.07%,5.71
https://www.ingoedendoen.nl/volwassen/hartslag-meten-met-je-smartphone-2/,43,4515,0.95%,12.63
https://www.ingoedendoen.nl/volwassen/symptomen-hoge-bloeddruk-alles-silent-killer/,42,2485,1.69%,10.61
https://www.ingoedendoen.nl/volwassen/gezonde-hartslag-hartslag-tabel/,38,63943,0.06%,6.48
https://www.ingoedendoen.nl/dossier/nagels/verkleurde-nagels/,38,6369,0.6%,6.09
https://www.ingoedendoen.nl/jouw-verhaal/leven-met-een-spierziekte/,22,316,6.96%,12.35
https://www.ingoedendoen.nl/dossier/hartslag/maximale-hartslag-berekenen-de-sleutel-tot-effectief-trainen/,21,1653,1.27%,10.76
https://www.ingoedendoen.nl/volwassen/gezonde-zeelucht-top5/,18,2208,0.82%,10.71
https://www.ingoedendoen.nl/volwassen/5-gezonde-drankjes-voor-op-het-terras/,15,840,1.79%,9.8
https://www.ingoedendoen.nl/volwassen/kramp-kuiten/,14,4345,0.32%,29.52
https://www.ingoedendoen.nl/dossier/hartslag/fietscomputer-met-hartslagmeter-waar-moet-ik-op-letten/,14,980,1.43%,9.41
https://www.ingoedendoen.nl/volwassen/utrecht-soa-hoofdstad-nederland/,13,716,1.82%,9.21
https://www.ingoedendoen.nl/volwassen/koude-dekens-heerlijk-tegen-nachtelijk-zweten/,12,1302,0.92%,19.97
https://www.ingoedendoen.nl/jouw-verhaal/seks-zonder-condoom/,11,245,4.49%,27.49
https://www.ingoedendoen.nl/volwassen/permanent-ontharen/,10,4883,0.2%,35.51
https://www.ingoedendoen.nl/tiener/gezichtsmaskers-tegen-puistjes/,9,1539,0.58%,22.04
https://www.ingoedendoen.nl/volwassen/migraine-en-voeding-dit-moet-je-weten/,9,1007,0.89%,29.04
https://www.ingoedendoen.nl/volwassen/abdominale-obesitas-iedereen-obesitas-heeft-er-last/,9,714,1.26%,5.48
https://www.ingoedendoen.nl/volwassen/verklappen-nagels-gezondheid/,8,2933,0.27%,41.87
https://www.ingoedendoen.nl/tiener/seks-zonder-condoom-2/,8,984,0.81%,24.92
https://www.ingoedendoen.nl/volwassen/langdurige-oplossing-hooikoorts/,7,310,2.26%,15.21
https://www.ingoedendoen.nl/volwassen/kalium/,6,70012,0.01%,11.71
https://www.ingoedendoen.nl/volwassen/ik-heb-last-van-een-migraine-aura/,6,742,0.81%,49.94
https://www.ingoedendoen.nl/volwassen/kwarkdieet/,5,263,1.9%,34.7
https://www.ingoedendoen.nl/dossier/allergie/mogelijk-verband-hooikoorts-en-aantasting-brein/,5,164,3.05%,14.59
https://www.ingoedendoen.nl/volwassen/buikgriep/,4,92430,0%,11.48
https://www.ingoedendoen.nl/volwassen/hormonale-migraine-dit-houdt-het-in/,4,1461,0.27%,62.19
https://www.ingoedendoen.nl/volwassen/cyste-is-en-moet-weten/,4,1453,0.28%,34.87
https://www.ingoedendoen.nl/dossier/hartslag/hartslagzones-berekenen/,4,1380,0.29%,48.07
https://www.ingoedendoen.nl/volwassen/leven-koortslip/,4,1130,0.35%,45.37
https://www.ingoedendoen.nl/volwassen/vaginale-klachten-misschien-ph-waarde-vagina-verstoord/,4,417,0.96%,15.93
https://www.ingoedendoen.nl/dossier/hartslag/hartslag-rust-normale-waarden/,3,6883,0.04%,36.86
https://www.ingoedendoen.nl/tiener/puisten-behandeling-alle-opties-jou-rij/,3,2214,0.14%,31.5
https://www.ingoedendoen.nl/volwassen/huiduitslag/,3,1812,0.17%,54.88
https://www.ingoedendoen.nl/volwassen/nagelverzorgingsproducten-echt-werken/,3,1542,0.19%,53.74
https://www.ingoedendoen.nl/volwassen/vastzittende-spieren/,3,1204,0.25%,14.33
https://www.ingoedendoen.nl/senior/heb-leesbril-nodig/,3,361,0.83%,28.12
https://www.ingoedendoen.nl/dossier/hartslag/hartslaghorloge-gebruiken-tijdens-het-zwemmen-doen/,3,350,0.86%,9.57
https://www.ingoedendoen.nl/volwassen/eindelijk-rust-uv-lamp-persoonlijk-verhaal-psoriasis-patient/,3,342,0.88%,50.91
https://www.ingoedendoen.nl/tiener/iq-verliezen-comazuipen/,3,295,1.02%,34.04
https://www.ingoedendoen.nl/volwassen/stress-en-hooikoorts-slechte-combinatie/,3,282,1.06%,11.87
https://www.ingoedendoen.nl/volwassen/revalideren-het-buitenland/,3,66,4.55%,8.09
https://www.ingoedendoen.nl/tiener/pil-vergeten-wat-nu/,2,4155,0.05%,28.55
https://www.ingoedendoen.nl/dossier/bloeddruk/normale-bloeddruk-vrouwen/,2,2381,0.08%,37.29
https://www.ingoedendoen.nl/volwassen/kan-doen-hoog-kaliumgehalte/,2,2089,0.1%,43.24
https://www.ingoedendoen.nl/volwassen/pijnbehandeling-met-tens/,2,1679,0.12%,71.32
https://www.ingoedendoen.nl/volwassen/goede-hartslag-elke-leeftijd/,2,1084,0.18%,49.55
https://www.ingoedendoen.nl/volwassen/droge-lucht-huis-feiten-en-fabels/,2,550,0.36%,16.7
https://www.ingoedendoen.nl/volwassen/vijf-beste-anti-kater-middelen/,2,533,0.38%,14.75
https://www.ingoedendoen.nl/dossier/hartslag/hartslag-leeftijd-berekenen-is-jouw-hart-jonger-of-ouder-dan-jij/,2,369,0.54%,23.04
https://www.ingoedendoen.nl/tiener/ik-ben-14-mag-ik-al-fitnessen/,2,243,0.82%,55.82
https://www.ingoedendoen.nl/volwassen/fruitdieet/,2,220,0.91%,17.4
https://www.ingoedendoen.nl/tiener/libido-verhogende-pepers/,2,200,1%,12.64
https://www.ingoedendoen.nl/volwassen/top-5-gratis-festivals-in-juni/,2,96,2.08%,24.76
https://www.ingoedendoen.nl/dossier/nachtzweten/slaapcomfort-luchtcirculatie/,2,53,3.77%,9.34
https://www.ingoedendoen.nl/volwassen/de-apotheker-smeerolie-tussen-arts-en-patient/,2,38,5.26%,4.37
https://www.ingoedendoen.nl/volwassen/nick-22-viel-27-kilo-af-23-weken/,2,31,6.45%,9.13
https://www.ingoedendoen.nl/volwassen/voedingsdagboek-jou-kan-helpen/,2,3,66.67%,8.67
https://www.ingoedendoen.nl/volwassen/sterke-nagels-zo-krijg-zo-snel-mogelijk/,1,5644,0.02%,20.51
https://www.ingoedendoen.nl/tiener/chlamydia-symptomen/,1,3644,0.03%,66.53
https://www.ingoedendoen.nl/volwassen/vaginale-schimmelinfectie/,1,3602,0.03%,69.5
https://www.ingoedendoen.nl/volwassen/hartslag-meten/,1,2995,0.03%,62.82
https://www.ingoedendoen.nl/volwassen/nachtzweten-mannen-hebben-er-ook-last-van/,1,2892,0.03%,17.91
https://www.ingoedendoen.nl/volwassen/migraine-symptomen-zo-herken-je-het/,1,2665,0.04%,65.28
https://www.ingoedendoen.nl/volwassen/stijve-nek/,1,2651,0.04%,36.83
https://www.ingoedendoen.nl/volwassen/met-nagel-tips-je-nagels-verlengen-doe-je-zo/,1,2326,0.04%,28.8
https://www.ingoedendoen.nl/dossier/hartslag/hartslagmeter-app/,1,1847,0.05%,22.96
https://www.ingoedendoen.nl/volwassen/schildklierproblemen-hoe-herken-je-ze/,1,1447,0.07%,43.52
https://www.ingoedendoen.nl/tiener/feiten-fabels-ancticonceptiepil/,1,1362,0.07%,63.2
https://www.ingoedendoen.nl/dossier/hardlopen/ideale-temperatuur-hardlopen/,1,1065,0.09%,14.53
https://www.ingoedendoen.nl/baby/koortslip-baby/,1,1060,0.09%,49.81
https://www.ingoedendoen.nl/volwassen/kaliumtekort-alles-moet-weten-hypokaliemie/,1,998,0.1%,55.69
https://www.ingoedendoen.nl/tiener/lichttherapie-mijn-remedie-puistjes/,1,839,0.12%,18.78
https://www.ingoedendoen.nl/tiener/middelen-puisten-helpt-echt/,1,538,0.19%,27.52
https://www.ingoedendoen.nl/volwassen/brood-is-hartstikke-gezond/,1,494,0.2%,56.84
https://www.ingoedendoen.nl/volwassen/jetlag-symptomen/,1,421,0.24%,45.61
https://www.ingoedendoen.nl/volwassen/strakke-buik-zo-krijg-hem/,1,383,0.26%,55.95
https://www.ingoedendoen.nl/volwassen/lichttherapie-gaat-giel-beelen-helpen-bij-zijn-wereldrecordpoging/,1,382,0.26%,8.81
https://www.ingoedendoen.nl/vragen_over/drink-geen-15-liter-water-per-dag-erg/,1,380,0.26%,26.72
https://www.ingoedendoen.nl/volwassen/whiplash/,1,354,0.28%,88.92
https://www.ingoedendoen.nl/volwassen/fronsrimpel-help-een-rimpel-boven-mijn-neus/,1,328,0.3%,20.22
https://www.ingoedendoen.nl/volwassen/borstzelfonderzoek-hoe-doe-je-dat/,1,285,0.35%,13.75
https://www.ingoedendoen.nl/volwassen/zwangerschapsmisselijkheid/,1,278,0.36%,40.32
https://www.ingoedendoen.nl/,1,266,0.38%,8.65
https://www.ingoedendoen.nl/volwassen/verkoudheid-zo-kom-jij-er-snel-vanaf/,1,242,0.41%,59.79
https://www.ingoedendoen.nl/dossier/hartslag/traplopen-buiten-adem-raken-is-normaal/,1,229,0.44%,16.22
https://www.ingoedendoen.nl/volwassen/koortslip-behandelen/,1,215,0.47%,35.44
https://www.ingoedendoen.nl/volwassen/hoe-betrouwbaar-een-bovenarmbloeddrukmeter/,1,198,0.51%,25.67
https://www.ingoedendoen.nl/volwassen/verborgen-rood-gen-vergroot-risico-op-huidkanker/,1,158,0.63%,11.66
https://www.ingoedendoen.nl/volwassen/festifal-fun-blijf-fit/,1,151,0.66%,33.87
https://www.ingoedendoen.nl/volwassen/middel-tegen-hooikoorts-onverwacht-en-effectief/,1,135,0.74%,45.16
https://www.ingoedendoen.nl/volwassen/koortslip-2/,1,104,0.96%,65.74
https://www.ingoedendoen.nl/volwassen/de-juiste-tools-voor-je-nagelverzorging/,1,95,1.05%,16.35
https://www.ingoedendoen.nl/volwassen/de-d-3-aanpak-bij-osteoporose/,1,20,5%,55.8
https://www.ingoedendoen.nl/jouw-verhaal/de-angst-om-raar-te-zijn/,1,17,5.88%,8.12
https://www.ingoedendoen.nl/jouw-verhaal/column-eigenwijsheid-niet-altijd-wijsheid/,1,8,12.5%,2
https://www.ingoedendoen.nl/test-checklist/,1,7,14.29%,9.29
https://www.ingoedendoen.nl/volwassen/tips-voor-mooi-en-gezond-haar/,1,7,14.29%,65.57
https://www.ingoedendoen.nl/tiener/5-redenen-om-de-bob-te-zijn/,1,6,16.67%,29.83
https://www.ingoedendoen.nl/volwassen/rimpels-onder-ogen-de-waarheid-rimpels-onder-je-ogen/,0,9622,0%,18.42
https://www.ingoedendoen.nl/senior/overgang/,0,9504,0%,79.12
https://www.ingoedendoen.nl/volwassen/migraine-behandeling/,0,5472,0%,60.55
https://www.ingoedendoen.nl/tiener/huisstofmijt/,0,5176,0%,70.75
https://www.ingoedendoen.nl/volwassen/pijnlijke-gewrichten/,0,4080,0%,23.2
https://www.ingoedendoen.nl/volwassen/vestibulaire-migraine-wat-is-het/,0,4058,0%,67.32
https://www.ingoedendoen.nl/volwassen/overmatig-zweten/,0,3982,0%,67.29
https://www.ingoedendoen.nl/volwassen/nagelverzorging/,0,3581,0%,49.49
https://www.ingoedendoen.nl/tiener/acht-tips-tegen-puisten/,0,3386,0%,71.83
https://www.ingoedendoen.nl/volwassen/netelroos/,0,3274,0%,82.3
https://www.ingoedendoen.nl/volwassen/grove-porien-verminderen/,0,3219,0%,79.19
https://www.ingoedendoen.nl/volwassen/heb-ik-een-magnesiumtekort/,0,2913,0%,82.08
https://www.ingoedendoen.nl/volwassen/allergische-reactie/,0,2750,0%,68.13
https://www.ingoedendoen.nl/senior/alles-opvliegers/,0,2702,0%,56.93
https://www.ingoedendoen.nl/volwassen/onvruchtbaarheid-man/,0,2684,0%,67.96
https://www.ingoedendoen.nl/tiener/puisten-verwijderen-omdat-puistjes-liever-kwijt-bent-dan-rijk/,0,2654,0%,27.96
https://www.ingoedendoen.nl/baby/hoe-lang-zwanger-vind-het-antwoord-voor-je-bezoek-aan-de-verloskundige/,0,2605,0%,58.81
https://www.ingoedendoen.nl/volwassen/tips-tegen-hoofdpijn/,0,2542,0%,79.19
https://www.ingoedendoen.nl/dossier/puisten/puistjes-op-kin-bestrijden/,0,2539,0%,43.51
https://www.ingoedendoen.nl/dossier/nagels/zelf-gelnagels-zetten-geen-kunst/,0,2375,0%,25.56
https://www.ingoedendoen.nl/tiener/doen-acne/,0,2346,0%,75.21
https://www.ingoedendoen.nl/tiener/chlamydia-klachten-hoe-herken-je-het/,0,2185,0%,42.88
https://www.ingoedendoen.nl/volwassen/lichttherapie/,0,2179,0%,71.66
https://www.ingoedendoen.nl/volwassen/puistjes-bestrijden-met-natuurlijke-middelen/,0,2081,0%,49.25
https://www.ingoedendoen.nl/tiener/soa-thuistest/,0,2070,0%,55.41
https://www.ingoedendoen.nl/volwassen/de-beste-voeding-na-het-sporten/,0,1909,0%,34.44
https://www.ingoedendoen.nl/volwassen/spermatest-de-semenanalyse/,0,1733,0%,59.93
https://www.ingoedendoen.nl/volwassen/zelf-bloeddruk-meten-doe/,0,1586,0%,35.8
https://www.ingoedendoen.nl/volwassen/cranberry-als-remedie-tegen-blaasontsteking/,0,1543,0%,48.65
https://www.ingoedendoen.nl/senior/nachtzweten-oorzaken-oplossingen/,0,1535,0%,64.46
https://www.ingoedendoen.nl/volwassen/facelift-zonder-operatie/,0,1474,0%,68.79
https://www.ingoedendoen.nl/volwassen/winterallergie/,0,1432,0%,26.06
https://www.ingoedendoen.nl/volwassen/infraroodlamp-spieren/,0,1389,0%,27.39
https://www.ingoedendoen.nl/volwassen/symptomen-van-hartfalen-zo-herken-je-ze/,0,1386,0%,62.37
https://www.ingoedendoen.nl/tiener/gonorroe-symptomen/,0,1377,0%,28.57
https://www.ingoedendoen.nl/volwassen/rimpels-alles-wat-je-altijd-al-wilde-weten/,0,1352,0%,72.9
https://www.ingoedendoen.nl/volwassen/haargroei/,0,1328,0%,23.13
https://www.ingoedendoen.nl/dossier/puisten/plek-puistjes-gezondheid-vertelt/,0,1275,0%,38.72
https://www.ingoedendoen.nl/volwassen/hyperkaliemie-hoog-kalium-alles-moet-weten/,0,1226,0%,49.61
https://www.ingoedendoen.nl/volwassen/kattenallergie/,0,1174,0%,60.64
https://www.ingoedendoen.nl/volwassen/incontinentie/,0,1114,0%,80.18
https://www.ingoedendoen.nl/volwassen/kraaienpoten-dit-doe-je-er-aan/,0,1112,0%,61.57
https://www.ingoedendoen.nl/kind/peuter-wil-eten-help/,0,1057,0%,65.14
https://www.ingoedendoen.nl/volwassen/infrarood-lamp/,0,1018,0%,35.4
https://www.ingoedendoen.nl/tiener/koemelkallergie/,0,1000,0%,63.31
https://www.ingoedendoen.nl/volwassen/vruchtbaarheid-man/,0,957,0%,60.03
https://www.ingoedendoen.nl/volwassen/laserontharing-wat-je-moet-weten/,0,816,0%,74.46
https://www.ingoedendoen.nl/volwassen/tips-tegen-koude-voeten/,0,795,0%,61.77
https://www.ingoedendoen.nl/volwassen/de-behandeling-van-acne/,0,776,0%,68.02
https://www.ingoedendoen.nl/volwassen/koortslip-besmettelijk/,0,774,0%,71.03
https://www.ingoedendoen.nl/volwassen/pms-behandelen/,0,761,0%,58.16
https://www.ingoedendoen.nl/volwassen/een-egale-huid/,0,755,0%,37.86
https://www.ingoedendoen.nl/volwassen/zwemmen-met-of-zonder-lenzen/,0,754,0%,40.32
https://www.ingoedendoen.nl/tiener/het-effect-van-alcohol-op-je-uiterlijk/,0,737,0%,30.75
https://www.ingoedendoen.nl/volwassen/dikke-buik-komt-vaker-vrouwen-dan-mannen/,0,687,0%,56.19
https://www.ingoedendoen.nl/volwassen/verstopte-neus/,0,681,0%,74.01
https://www.ingoedendoen.nl/volwassen/e-nummers-alles-wat-je-wil-weten/,0,620,0%,73.8
https://www.ingoedendoen.nl/tiener/puistjes-op-rug-wat-veroorzaakt-ze-en-wat-doe-je-er-aan/,0,619,0%,69.71
https://www.ingoedendoen.nl/volwassen/behandeling-overmatig-zweten/,0,604,0%,61.05
https://www.ingoedendoen.nl/volwassen/dit-gebeurt-er-als-je-te-weinig-slaapt/,0,596,0%,75.43
https://www.ingoedendoen.nl/dossier/hardlopen/hardlopen-hitte/,0,591,0%,48.4
https://www.ingoedendoen.nl/volwassen/rode-hond-een-besmettelijke-huidziekte/,0,591,0%,64.92
https://www.ingoedendoen.nl/tiener/puistjes-oorzaak-en-oplossing/,0,570,0%,88.19
https://www.ingoedendoen.nl/volwassen/tijdstip-invloed-op-gewicht/,0,547,0%,13.63
https://www.ingoedendoen.nl/tiener/histamine/,0,532,0%,79.94
https://www.ingoedendoen.nl/baby/eczeem-baby/,0,531,0%,82.08
https://www.ingoedendoen.nl/volwassen/restless-legs/,0,511,0%,82.62
https://www.ingoedendoen.nl/volwassen/gebroken-neus/,0,498,0%,43.68
https://www.ingoedendoen.nl/volwassen/mooie-nagels-zo-krijg-je-ze/,0,489,0%,50.43
https://www.ingoedendoen.nl/tiener/trichomonas-relatief-onbekende-veelvoorkomende-geslachtsziekte/,0,487,0%,53.75
https://www.ingoedendoen.nl/volwassen/infrarood-licht/,0,485,0%,47.36
https://www.ingoedendoen.nl/volwassen/zo-maak-je-het-kerstdiner-leuk-voor-kinderen/,0,473,0%,46.51
https://www.ingoedendoen.nl/volwassen/de-beste-hardloop-gadgets-op-een-rij/,0,472,0%,22.09
https://www.ingoedendoen.nl/volwassen/teveel-koffie/,0,464,0%,58.54
https://www.ingoedendoen.nl/volwassen/hardlopen-met-een-hartslagmeter-hoe-begin-je/,0,442,0%,54.66
https://www.ingoedendoen.nl/uncategorized/hoe-voorkom-je-sportblessures-tijd-voor-tips/,0,427,0%,80.15
https://www.ingoedendoen.nl/volwassen/zo-creeer-je-prachtig-glanzend-haar/,0,412,0%,60.05
https://www.ingoedendoen.nl/senior/sarcopenie-hoe-spierkracht-langzaam-afneemt/,0,401,0%,75.69
https://www.ingoedendoen.nl/tiener/lichttherapie-bij-acne/,0,381,0%,38.69
https://www.ingoedendoen.nl/volwassen/vruchtbaar/,0,376,0%,58.51
https://www.ingoedendoen.nl/volwassen/leven-met-migraine-doe-je-zo/,0,369,0%,67.03
https://www.ingoedendoen.nl/volwassen/wat-helpt-tegen-een-winterdepressie/,0,361,0%,84.92
https://www.ingoedendoen.nl/dossier/bloeddruk/bloeddrukmeter-kiezen-hoe-doe-je-dat/,0,360,0%,55.01
https://www.ingoedendoen.nl/volwassen/ingegroeide-teennagel/,0,338,0%,79.87
https://www.ingoedendoen.nl/volwassen/slof-of-sof-wat-je-moet-weten-over-sloffen-en-pantoffels/,0,327,0%,15.24
https://www.ingoedendoen.nl/volwassen/hartfalen/,0,320,0%,82.19
https://www.ingoedendoen.nl/volwassen/onvruchtbaar-vrouw/,0,318,0%,66.05
https://www.ingoedendoen.nl/baby/als-je-baby-tandjes-krijgt/,0,315,0%,77.72
https://www.ingoedendoen.nl/volwassen/koffie-voor-je-vaten/,0,313,0%,45.01
https://www.ingoedendoen.nl/volwassen/voedselallergie-symptomen/,0,306,0%,79.41
https://www.ingoedendoen.nl/volwassen/striae-verminderen-en-verwijderen/,0,305,0%,73.15
https://www.ingoedendoen.nl/dossier/allergie/berkenpollen-hooikoorts/,0,294,0%,68.31
https://www.ingoedendoen.nl/volwassen/start-run-wordt-hardlopen-met-evy/,0,246,0%,11.25
https://www.ingoedendoen.nl/volwassen/vaginale-klachten/,0,245,0%,71.91
https://www.ingoedendoen.nl/uitgelicht/ei-allergie/,0,220,0%,47.64
https://www.ingoedendoen.nl/baby/zwangerschapsvergiftiging-of-pre-eclampsie/,0,215,0%,82.98
https://www.ingoedendoen.nl/volwassen/hartslagmeter-zonder-band/,0,212,0%,13.19
https://www.ingoedendoen.nl/tiener/anti-kater-middel/,0,205,0%,30.85
https://www.ingoedendoen.nl/volwassen/dag-en-nachtcreme-waarom-beiden-gebruiken/,0,199,0%,42.33
https://www.ingoedendoen.nl/uitgelicht/coeliakie/,0,197,0%,70.91
https://www.ingoedendoen.nl/volwassen/kun-je-rimpels-voorkomen/,0,195,0%,47.66
https://www.ingoedendoen.nl/volwassen/bmi-alles-wil-weten-body-mass-index/,0,192,0%,72.5
https://www.ingoedendoen.nl/volwassen/koortslip/,0,187,0%,52.09
https://www.ingoedendoen.nl/baby/babyweegschaal/,0,182,0%,35.47
https://www.ingoedendoen.nl/tiener/soa-symptomen/,0,181,0%,26.99
https://www.ingoedendoen.nl/volwassen/zoete-aardappelchips-gezond-snacken/,0,174,0%,70.99
https://www.ingoedendoen.nl/volwassen/chocolade-gezond-dit-is-waarom-2/,0,173,0%,65.4
https://www.ingoedendoen.nl/volwassen/energietekort-zo-krijg-jij-meer-energie/,0,162,0%,25.59
https://www.ingoedendoen.nl/tiener/meest-voorkomende-soas-nederland-top-7/,0,157,0%,48.78
https://www.ingoedendoen.nl/volwassen/trombosebeen-voorkomen/,0,154,0%,48.48
https://www.ingoedendoen.nl/baby/aangeboren-afwijkingen/,0,149,0%,40.27
https://www.ingoedendoen.nl/volwassen/warming-hardlopen/,0,149,0%,64.48
https://www.ingoedendoen.nl/tiener/effect-van-alcohol/,0,149,0%,71.77
https://www.ingoedendoen.nl/volwassen/lekker-en-gezond-gourmetten/,0,141,0%,63.42
https://www.ingoedendoen.nl/volwassen/verantwoord-snoepen-sinterklaas/,0,134,0%,27.99
https://www.ingoedendoen.nl/dossier/hartslag/ontstekingsremmers/,0,130,0%,25.9
https://www.ingoedendoen.nl/kind/virussen-overleven-ruim-dag-op-speelgoed/,0,127,0%,10.07
https://www.ingoedendoen.nl/volwassen/detox-je-lichaam-tips-and-tricks/,0,125,0%,70.22
https://www.ingoedendoen.nl/volwassen/niet-kunnen-slapen/,0,124,0%,93.61
https://www.ingoedendoen.nl/volwassen/eczeem-wat-doe-je-er-tegen/,0,123,0%,69.72
https://www.ingoedendoen.nl/volwassen/zwanger-worden/,0,118,0%,71.15
https://www.ingoedendoen.nl/volwassen/thuis-je-nagels-verzorgen-met-een-manicure/,0,114,0%,37.3
https://www.ingoedendoen.nl/volwassen/ultieme-tips-zodat-je-make-up-langer-blijft-zitten/,0,111,0%,69.88
https://www.ingoedendoen.nl/dossier/soa/morning-after-pil-wat-te-doen/,0,111,0%,72.06
https://www.ingoedendoen.nl/volwassen/vitamine-b12-tekort/,0,111,0%,80.87
https://www.ingoedendoen.nl/volwassen/hartslaghorloge/,0,110,0%,32.95
https://www.ingoedendoen.nl/tiener/scrubben-tegen-puistjes/,0,107,0%,33.32
https://www.ingoedendoen.nl/dossier/hartslaghorloge-bij-het-fietsen/,0,99,0%,55.18
https://www.ingoedendoen.nl/volwassen/nieuwe-norm-hoge-bloeddruk/,0,98,0%,49.17
https://www.ingoedendoen.nl/volwassen/osteoporose-wat-dat/,0,97,0%,83.47
https://www.ingoedendoen.nl/tiener/verantwoord-alcoholgebruik/,0,84,0%,78.68
https://www.ingoedendoen.nl/volwassen/hartslaghorloge-zonder-band/,0,83,0%,26.27
https://www.ingoedendoen.nl/tiener/anticonceptie-wat-wil-ik/,0,83,0%,67.1
https://www.ingoedendoen.nl/volwassen/snoozen-gezond-of-ongezond/,0,79,0%,74.85
https://www.ingoedendoen.nl/volwassen/koffie-is-kankerverwekkend-hete-dranken-wel/,0,76,0%,23.5
https://www.ingoedendoen.nl/volwassen/gevulde-omelet-een-stevige-start-van-de-dag/,0,72,0%,53.68
https://www.ingoedendoen.nl/volwassen/inhalatie-allergieen/,0,72,0%,53.94
https://www.ingoedendoen.nl/volwassen/wat-diabetes/,0,68,0%,72.72
https://www.ingoedendoen.nl/dossier/hartslag/het-hart-de-onvermoeibare-motor-van-ons-lichaam/,0,66,0%,11.83
https://www.ingoedendoen.nl/volwassen/waarom-hippe-sportkleding-zo-stinkt/,0,66,0%,29.35
https://www.ingoedendoen.nl/volwassen/herfstdip-zo-krijg-meer-energie/,0,66,0%,38.89
https://www.ingoedendoen.nl/volwassen/inspiratie-voor-gezonde-smoothies/,0,65,0%,83.95
https://www.ingoedendoen.nl/volwassen/vlinders-je-buik-bestaan-echt/,0,62,0%,19.48
https://www.ingoedendoen.nl/vragen_over/wordt-calcium-melk-wel-goed-opgenomen/,0,61,0%,66.43
https://www.ingoedendoen.nl/vragen_over/hoe-verbeter-ik-mijn-bloeddruk-met-voeding/,0,59,0%,70.93
https://www.ingoedendoen.nl/dossier/puisten/vrouwen-acne-huidveroudering/,0,57,0%,46.28
https://www.ingoedendoen.nl/volwassen/vakantiestemming/,0,54,0%,6.37
https://www.ingoedendoen.nl/volwassen/light-kaas-niet-beter-dan-vette-kaas/,0,53,0%,46.38
https://www.ingoedendoen.nl/volwassen/platte-buik/,0,52,0%,23.96
https://www.ingoedendoen.nl/tiener/energiek-en-gefocust-je-doelen-behalen/,0,52,0%,44.52
https://www.ingoedendoen.nl/volwassen/afvallen-met-hardlopen/,0,51,0%,48.08
https://www.ingoedendoen.nl/volwassen/zwanger-worden-eet-spruitjes/,0,48,0%,10.46
https://www.ingoedendoen.nl/volwassen/schouderklachten/,0,48,0%,14.81
https://www.ingoedendoen.nl/kind/rustig-slapen-kind-jezelf/,0,47,0%,17.19
https://www.ingoedendoen.nl/kind/ongelukken-huis-voorkomen/,0,46,0%,22.83
https://www.ingoedendoen.nl/volwassen/klamboe-voor-thuis-en-op-reis/,0,46,0%,38.72
https://www.ingoedendoen.nl/volwassen/mooie-nagels/,0,45,0%,54.33
https://www.ingoedendoen.nl/volwassen/bloeddrukmedicijnen-vruchtbaarheid/,0,44,0%,7.91
https://www.ingoedendoen.nl/volwassen/meet-the-bloggers-vandaag-puur-en-lekker-leven/,0,44,0%,28.91
https://www.ingoedendoen.nl/nachtelijk-zweten-tips-van-de-overgangsconsulente/,0,44,0%,58.48
https://www.ingoedendoen.nl/goeden-doen-dossiers/hartslag-dossier/,0,43,0%,57.14
https://www.ingoedendoen.nl/volwassen/kater-voorkomen-lees-snel-de-tips/,0,42,0%,55.76
https://www.ingoedendoen.nl/het-verrassende-antwoord-op-acne-licht/,0,41,0%,45.39
https://www.ingoedendoen.nl/volwassen/fit-op-vakantie/,0,40,0%,20.45
https://www.ingoedendoen.nl/volwassen/ontspanningsmassage-iets-voor-jou/,0,40,0%,33.58
https://www.ingoedendoen.nl/volwassen/achtbaanritje-helpt-mensen-van-hun-nierstenen-af/,0,38,0%,11.26
https://www.ingoedendoen.nl/volwassen/de-meest-bizarre-restaurants-ter-wereld/,0,38,0%,11.58
https://www.ingoedendoen.nl/dossier/hartslag/wat-vertelt-je-hartslag-over-je-gezondheid-calculator/,0,38,0%,13
https://www.ingoedendoen.nl/baby/doorslapen-baby/,0,38,0%,34.79
https://www.ingoedendoen.nl/test-en-checklist/hartslagcheck-sporten/,0,37,0%,85.05
https://www.ingoedendoen.nl/volwassen/dansen-is-goed-voor-je-gezondheid/,0,34,0%,16.5
https://www.ingoedendoen.nl/tiener/zelf-afschuimend-bierglas/,0,33,0%,30.88
https://www.ingoedendoen.nl/kind/traphekje-kind/,0,32,0%,14.19
https://www.ingoedendoen.nl/volwassen/5x-tips-tegen-een-ochtendhumeur/,0,32,0%,46.31
https://www.ingoedendoen.nl/partner-vinden-test/,0,31,0%,36.74
https://www.ingoedendoen.nl/baby/gezond-zwanger-zijn/,0,31,0%,46.68
https://www.ingoedendoen.nl/volwassen/bronwater-of-kraanwater/,0,31,0%,55.29
https://www.ingoedendoen.nl/volwassen/ingoedendoen-ontdekt-het-stadspark-berg-bos/,0,31,0%,57.26
https://www.ingoedendoen.nl/volwassen/tens-tegen-pijn/,0,31,0%,78.26
https://www.ingoedendoen.nl/volwassen/5x-tips-om-uit-de-dagelijkse-sleur-te-komen/,0,30,0%,21.03
https://www.ingoedendoen.nl/tiener/snel-weer-fit/,0,29,0%,19.28
https://www.ingoedendoen.nl/volwassen/stoppen-met-roken-doe-je-zo/,0,29,0%,70.14
https://www.ingoedendoen.nl/dossier/hartslag/geld-afpakken-motivatie-sporten/,0,28,0%,63.32
https://www.ingoedendoen.nl/volwassen/de-personenweegschaal-van-vandaag/,0,27,0%,24.33
https://www.ingoedendoen.nl/test-en-checklist/inspiratie-voor-pensioencadeaus/,0,27,0%,46.15
https://www.ingoedendoen.nl/volwassen/hoge-bloeddruk-nieuwe-effectieve-behandeling-zonder-medicijnen/,0,27,0%,53.74
https://www.ingoedendoen.nl/tiener/alles-puistjes/,0,26,0%,7.5
https://www.ingoedendoen.nl/senior/als-tanden-poetsen-een-lastige-opgave-wordt/,0,26,0%,21.04
https://www.ingoedendoen.nl/volwassen/de-gezichtsreinigingsborstel/,0,26,0%,26.81
https://www.ingoedendoen.nl/volwassen/trainen-met-hartslagmeter/,0,26,0%,65.77
https://www.ingoedendoen.nl/volwassen/1637/,0,26,0%,67.38
https://www.ingoedendoen.nl/volwassen/avocado-wat-kun-je-ermee/,0,24,0%,55.21
https://www.ingoedendoen.nl/senior/stel-februari-je-vragen-aan-onze-overgangsexpert/,0,23,0%,8.43
https://www.ingoedendoen.nl/volwassen/rimpels-voorkomen-door-een-gezond-leefpatroon/,0,23,0%,60.09
https://www.ingoedendoen.nl/vragen_over/moet-vegetarier-voorkoming-vitamine-d-tekort-vis-gaan-eten/,0,23,0%,74.91
https://www.ingoedendoen.nl/test-en-checklist/online-test-heb-ik-ouderdomssuiker/,0,22,0%,31.64
https://www.ingoedendoen.nl/tiener/de-make-spiegel-handig-en-veelzijdig/,0,21,0%,26.1
https://www.ingoedendoen.nl/volwassen/de-iwaku-een-veelzijdige-wake-light/,0,20,0%,4.6
https://www.ingoedendoen.nl/volwassen/puistjes-in-3-stappen/,0,19,0%,57.21
https://www.ingoedendoen.nl/volwassen/omgaan-met-ziekte-tips-ervaringen/,0,18,0%,25.72
https://www.ingoedendoen.nl/volwassen/schoenen-inlopen-tijd-voor-tips/,0,18,0%,70.06
https://www.ingoedendoen.nl/privacy/,0,17,0%,11.35
https://www.ingoedendoen.nl/volwassen/slowjuicer-de-voordelen/,0,17,0%,39.71
https://www.ingoedendoen.nl/volwassen/koffie-ongezond-helemaal-niet/,0,17,0%,64.47
https://www.ingoedendoen.nl/volwassen/last-van-een-droge-huid-dit-helpt/,0,17,0%,80.41
https://www.ingoedendoen.nl/tiener/spierpijn-gember/,0,16,0%,17.69
https://www.ingoedendoen.nl/artikelen-overzicht/,0,15,0%,1.87
https://www.ingoedendoen.nl/contact/,0,15,0%,3.87
https://www.ingoedendoen.nl/volwassen/gevaren-en-voordelen-van-seks/,0,15,0%,18.93
https://www.ingoedendoen.nl/senior/hoeveel-slaap-heb-ik-nodig-nu-ik-ouder-word/,0,15,0%,50.67
https://www.ingoedendoen.nl/volwassen/smart-mirror/,0,14,0%,10.71
https://www.ingoedendoen.nl/volwassen/minder-intensief-sporten-goed-voor-je/,0,14,0%,61.86
https://www.ingoedendoen.nl/volwassen/hardlopen-in-de-winter-doe-je-zo/,0,14,0%,80.14
https://www.ingoedendoen.nl/volwassen/hoe-overleef-je-de-hitte-5-tips/,0,13,0%,7.46
https://www.ingoedendoen.nl/volwassen/hoofdpijn/,0,13,0%,10.15
https://www.ingoedendoen.nl/kind/jongeren-drinken-buiten-sporten-om-sportdrank/,0,13,0%,22.08
https://www.ingoedendoen.nl/volwassen/uv-lamp-atopisch-eczeem-ervaringsverhaal/,0,12,0%,36.83
https://www.ingoedendoen.nl/volwassen/suiker-en-rimpels-alle-feiten-op-een-rij/,0,12,0%,37.42
https://www.ingoedendoen.nl/dossier/bootcamp-de-buitensport-van-het-moment/,0,12,0%,55.5
https://www.ingoedendoen.nl/kind/samen-ziek-kind/,0,11,0%,23.45
https://www.ingoedendoen.nl/senior/gezond-met-pensioen/,0,11,0%,24.91
https://www.ingoedendoen.nl/volwassen/apple-voor-gezondheid/,0,11,0%,27.73
https://www.ingoedendoen.nl/vragen_over/verliest-eten-in-de-oven-minder-voedingswaarde-dan-in-de-oven/,0,10,0%,9.9
https://www.ingoedendoen.nl/volwassen/uurtje-extra-slaap-doet/,0,10,0%,12.7
https://www.ingoedendoen.nl/volwassen/slecht-soa-nieuws-druiper-op-weg-naar-ongeneeslijkheid/,0,10,0%,57.6
https://www.ingoedendoen.nl/volwassen/gezonde-barbecue-dos-en-donts/,0,10,0%,59.7
https://www.ingoedendoen.nl/volwassen/haren-wassen-wat-is-het-beste/,0,10,0%,69.5
https://www.ingoedendoen.nl/test-en-checklist/hartslagcheck-gezondheid/,0,9,0%,93.56
https://www.ingoedendoen.nl/category/kind/,0,8,0%,5.5
https://www.ingoedendoen.nl/senior/blaasontsteking-voorkomen/,0,8,0%,23.62
https://www.ingoedendoen.nl/volwassen/slapen-steeds-slechter/,0,8,0%,60.75
https://www.ingoedendoen.nl/dossier/yoga-voor-een-gezond-hart/,0,7,0%,7.86
https://www.ingoedendoen.nl/volwassen/fitness-trackers/,0,7,0%,9.43
https://www.ingoedendoen.nl/volwassen/fabrikant-laat-mannen-vroegtijdig-zaad-lozen/,0,7,0%,13.14
https://www.ingoedendoen.nl/volwassen/winterverkoudheid-nee-hooikoorts/,0,7,0%,35.29
https://www.ingoedendoen.nl/volwassen/snurken-alles-deze-nachtrustverstoorder/,0,7,0%,43.71
https://www.ingoedendoen.nl/volwassen/beste-sporthorloge/,0,7,0%,53.86
https://www.ingoedendoen.nl/test-en-checklist/test-puistjes-de-baas-wat-werkt-voor-jou/,0,6,0%,5.17
https://www.ingoedendoen.nl/volwassen/ijstest-vlog-duurder-ook-echt-lekkerder/,0,6,0%,16
https://www.ingoedendoen.nl/wp-content/uploads/2013/11/DVT.jpg,0,6,0%,21.33
https://www.ingoedendoen.nl/volwassen/de-overgang/,0,6,0%,67
https://www.ingoedendoen.nl/volwassen/winter-gezichtsverzorging-voorkom-dat-weer-een-wissel-trekt-op-jouw-gezicht/,0,6,0%,84
https://www.ingoedendoen.nl/disclaimer/,0,5,0%,3.2
https://www.ingoedendoen.nl/volwassen/toch-relatie-puisten-en-voeding/,0,5,0%,6
https://www.ingoedendoen.nl/volwassen/acute-verlichting-hooikoorts/,0,5,0%,35.4
https://www.ingoedendoen.nl/volwassen/chocolade-roept-emoties-op/,0,5,0%,37.8
https://www.ingoedendoen.nl/volwassen/gezond-ontbijt-voor-iedereen/,0,5,0%,53
https://www.ingoedendoen.nl/volwassen/verpakkingsvrij-winkelen/,0,5,0%,53.6
https://www.ingoedendoen.nl/volwassen/onderzoek-naar-eventuele-hersenbeschadiging-kopballen/,0,4,0%,6.75
https://www.ingoedendoen.nl/category/dossier/hartslag/,0,4,0%,7.75
https://www.ingoedendoen.nl/jouw-verhaal/twintig-jaar-geleden-ik-niet-bestaan/,0,4,0%,9.75
https://www.ingoedendoen.nl/volwassen/behandeling-incontinentie/,0,4,0%,11.5
https://www.ingoedendoen.nl/vragen_over/heeft-het-zin-om-extra-antioxidanten-te-slikken/,0,4,0%,26.5
https://www.ingoedendoen.nl/volwassen/nachtelijk-zweten-tips-om-het-te-stoppen/,0,4,0%,27.5
https://www.ingoedendoen.nl/tiener/aanpassen-schooltijden-voor-pubers/,0,4,0%,32.25
https://www.ingoedendoen.nl/senior/juiste-bril-kopen/,0,4,0%,35.5
https://www.ingoedendoen.nl/goeden-doen-dossiers/rimpel-dossier/,0,3,0%,1.67
https://www.ingoedendoen.nl/test-checklist/nachtzweet-test/,0,3,0%,3.33
https://www.ingoedendoen.nl/vragen_over/voeding-bewegen/,0,3,0%,3.67
https://www.ingoedendoen.nl/infographics/alles-nachtzweten-infographic/,0,3,0%,4.67
https://www.ingoedendoen.nl/volwassen/hartritme-bestuderen-met-een-apple-watch/,0,3,0%,8
https://www.ingoedendoen.nl/volwassen/verzorg-je-voeten-ook-de-herfst-en-winter/,0,3,0%,9.33
https://www.ingoedendoen.nl/volwassen/thuis-sporten-zo-houd-je-het-vol/,0,3,0%,11
https://www.ingoedendoen.nl/volwassen/ontspannend/,0,3,0%,33
https://www.ingoedendoen.nl/volwassen/gezond-eten-op-vakantie/,0,3,0%,45.33
https://www.ingoedendoen.nl/jouw-verhaal/elke-dag-zit-de-ziekte-van-lyme-mijn-hoofd/,0,3,0%,48
https://www.ingoedendoen.nl/volwassen/schoon-en-gezond-water-komt-fles-toch/,0,3,0%,55.33
https://www.ingoedendoen.nl/goeden-doen-dossiers/migraine-dossier/,0,2,0%,3.5
https://www.ingoedendoen.nl/volwassen/kalfslapjes-in-sinaasappelsaus/,0,2,0%,4.5
https://www.ingoedendoen.nl/goeden-doen-dossiers/nagel-dossier/,0,2,0%,5.5
https://www.ingoedendoen.nl/senior/mijn-medicijnen-tegen-opvliegers-werken-niet/,0,2,0%,7
https://www.ingoedendoen.nl/volwassen/griep-5-feiten-fabels-rij/,0,2,0%,12
https://www.ingoedendoen.nl/volwassen/7275/,0,2,0%,14
https://www.ingoedendoen.nl/goeden-doen-dossiers/soa-dossier/,0,2,0%,28
https://www.ingoedendoen.nl/kind/kleintjes-dwingen-eten-is-onverstandig/,0,2,0%,33
https://www.ingoedendoen.nl/volwassen/wandelen-maaltijd-goed-diabetes-patienten/,0,2,0%,38
https://www.ingoedendoen.nl/volwassen/ik-heb-tien-levens-een-geleefd/,0,2,0%,60
https://www.ingoedendoen.nl/volwassen/courgettespaghetti-het-gezonde-alternatief-voor-pasta/,0,2,0%,70.5
https://www.ingoedendoen.nl/volwassen/spierpijn/,0,2,0%,71
https://www.ingoedendoen.nl/volwassen/rimpels-behandelen/,0,1,0%,1
https://www.ingoedendoen.nl/goeden-doen-dossiers/bloeddruk-dossier/,0,1,0%,2
https://www.ingoedendoen.nl/volwassen/meeleven-met-wedstrijd/,0,1,0%,2
https://www.ingoedendoen.nl/volwassen/onbewust-bewegen/,0,1,0%,3
https://www.ingoedendoen.nl/senior/expertvraag-ben-ik-al-de-overgang/,0,1,0%,5
https://www.ingoedendoen.nl/wp-content/uploads/2015/07/cocktails-731898_1280-1024x683.jpg,0,1,0%,5
https://www.ingoedendoen.nl/wp-content/uploads/2016/03/nail-657597_1280.png,0,1,0%,5
https://www.ingoedendoen.nl/volwassen/de-6-meest-gezonde-voedingsmiddelen/,0,1,0%,8
https://www.ingoedendoen.nl/volwassen/liefde-in-tijden-van-latex-waarom-jongeren-het-condoom-af-weren/,0,1,0%,9
https://www.ingoedendoen.nl/vragen_over/kan-buikje-heb/,0,1,0%,10
https://www.ingoedendoen.nl/dossier/soa/canadese-onderzoekers-ontwikkelen-mogelijk-vaccin-chlamydia/,0,1,0%,11
https://www.ingoedendoen.nl/wp-content/uploads/2016/02/fingers-376812_1280.png,0,1,0%,11
https://www.ingoedendoen.nl/wp-content/uploads/2025/03/hartslagzones.png,0,1,0%,12
https://www.ingoedendoen.nl/volwassen/tijd-om-knuffelen/,0,1,0%,13
https://www.ingoedendoen.nl/volwassen/te-zware-kinderen-laten-lopen-op-school/,0,1,0%,18
https://www.ingoedendoen.nl/volwassen/wake-up-light-vermoeidheid/,0,1,0%,25
https://www.ingoedendoen.nl/wp-content/uploads/2015/03/buikgriep-1.jpg,0,1,0%,29
https://www.ingoedendoen.nl/wp-content/uploads/2013/09/hartslagtabel.jpg,0,1,0%,32
https://www.ingoedendoen.nl/volwassen/daglichtlamp-ervaringsverhaal/,0,1,0%,44
https://www.ingoedendoen.nl/goeden-doen-dossiers/puisten-dossier/,0,1,0%,87
https://www.ingoedendoen.nl/volwassen/sporten-afvallen/,0,1,0%,92